StudentID,Attendance_Percentage,Weekly_Study_Hours,CA_Marks,MTH165_Final_Grade,CSE111_Final_Grade
12534141,86.34,6.41,21,87,81
12595434,88.43,8.62,17,90,86
12515117,82.5,10.4,23,97,95
12516156,98.4,9.39,28,100,100
12511839,75.0,7.05,30,90,84
12591448,83.44,6.94,24,95,89
12554822,94.46,9.72,17,86,83
12565305,86.68,10.76,26,100,100
12538584,84.03,5.55,16,87,81
12517719,85.03,9.07,19,89,85
12534339,88.03,12.3,24,98,97
12589757,85.85,12.88,21,100,100
12520002,80.25,7.88,20,93,88
12562218,78.87,5.33,19,76,70
12532363,75.0,9.41,16,90,89
12582637,92.71,6.74,20,93,86
12581163,86.53,9.64,19,87,84
12553725,80.62,5.01,16,79,72
12563722,93.36,8.53,23,93,88
12563606,92.9,13.02,28,100,100
12518456,87.46,4.08,25,88,78
12567521,82.77,3.8,30,84,74
12592403,77.84,13.96,24,93,95
12513227,85.05,8.46,26,100,95
12547783,77.28,8.03,22,87,83
12547159,76.46,5.9,15,73,68
12569608,76.01,12.36,19,89,90
12583205,92.15,5.17,26,91,82
12557073,88.0,6.07,26,100,94
12510283,85.68,14.25,15,95,98
12546903,77.82,10.65,24,98,96
12599302,88.84,7.8,25,91,85
12510245,85.35,7.86,20,86,81
12536737,84.0,12.11,18,92,92
12556088,90.91,7.76,17,80,75
12599215,79.74,11.29,28,98,95
12536145,84.7,5.93,26,87,79
12576689,97.22,10.28,21,92,89
12598168,77.87,7.04,21,82,77
12514213,98.02,6.24,22,95,87
12530100,81.28,2.0,19,76,66
12555571,95.55,5.13,23,88,79
12521425,79.73,13.13,21,100,100
12582289,97.42,3.63,28,93,82
12582776,91.68,11.05,23,97,94
12588457,77.27,8.59,26,96,91
12527931,89.78,5.46,22,85,78
12544774,80.71,3.77,26,87,77
12555592,93.59,6.3,19,85,79
12579105,89.11,6.74,29,100,93
12569314,88.33,6.37,19,92,86
12588791,81.45,4.54,28,90,81
12538786,84.3,6.29,17,79,74
12588198,83.54,7.79,16,82,78
12549259,97.4,10.65,28,100,97
12556692,82.27,6.83,28,89,82
12532189,96.06,13.17,29,100,100
12562638,87.17,4.15,22,84,75
12515646,93.62,9.17,16,87,83
12527393,79.9,10.68,29,100,99
12511175,89.59,9.88,28,100,99
12592333,81.98,10.71,24,87,85
12568183,93.3,8.73,19,93,88
12533515,85.72,9.14,19,96,92
12537030,77.52,8.29,26,97,92
12520550,75.0,3.15,18,76,68
12540237,75.81,4.21,20,89,82
12576853,81.48,8.71,15,87,84
12575699,84.26,7.67,24,100,96
12539288,75.0,6.56,26,91,85
12535887,93.03,7.7,18,89,84
12556657,91.89,5.0,30,100,89
12583120,82.05,12.85,15,92,93
12525204,89.67,12.72,28,100,98
12592535,94.07,12.43,22,93,92
12522059,82.09,7.16,16,81,76
12562220,96.4,8.43,26,100,93
12593852,85.37,4.28,24,89,80
12555685,84.95,7.39,16,78,74
12539212,84.84,6.31,15,85,80
12510491,82.91,9.52,20,91,88
12547807,83.31,10.77,29,100,100
12579131,85.09,10.19,27,98,94
12541305,86.68,7.34,25,88,81
12541528,89.58,2.0,24,89,77
12576156,84.1,3.77,23,85,75
12543249,88.52,8.52,25,95,90
12519670,88.09,11.97,23,93,91
12577460,91.84,7.14,30,100,98
12558987,93.82,4.57,20,80,71
12528369,78.44,12.26,28,100,100
12562533,83.4,5.91,19,84,78
12561965,81.57,10.03,18,92,90
12534824,90.18,8.1,23,96,90
12558016,78.21,11.68,26,100,99
12547943,80.47,4.22,17,83,76
12524165,91.43,3.06,20,81,71
12577982,91.37,8.06,21,91,86
12574459,88.11,8.39,17,71,67
12533404,84.53,13.17,27,100,100
12585403,88.65,14.28,16,92,94
12560851,75.0,11.43,23,92,91
12585576,85.73,6.93,24,83,76
12522584,80.88,5.23,23,84,77
12529436,94.71,6.08,27,93,84
12538468,80.7,6.97,17,87,83
12549534,84.91,8.89,19,85,82
12552948,85.19,7.13,25,93,87
12526459,81.78,6.5,30,92,85
12562982,75.0,7.86,25,96,92
12590556,86.35,6.72,30,99,91
12545347,80.97,8.15,21,92,88
12567714,85.3,6.07,21,94,88
12596193,82.69,9.49,22,92,89
12579822,77.09,10.56,17,85,85
12579816,82.06,4.35,30,88,78
12543209,86.28,4.69,24,83,74
12513022,77.96,7.67,17,88,85
12518342,88.1,6.77,24,85,78
12588274,79.89,7.71,27,96,90
12512322,90.52,7.26,23,86,79
12539259,75.0,12.88,30,100,100
12561722,94.45,6.86,26,94,86
12582796,78.77,10.27,24,93,91
12525619,76.61,8.74,20,85,82
12525815,87.81,9.52,26,100,97
12592024,77.09,4.26,16,73,67
12558910,91.41,11.05,23,95,92
12532303,82.26,9.58,24,98,95
12564657,89.13,13.47,19,100,100
12511902,94.29,4.88,19,81,72
12561944,75.74,4.46,17,80,74
12531977,77.84,11.65,16,86,86
12559794,81.74,8.25,17,82,79
12558440,76.35,8.89,30,97,92
12592224,82.35,8.45,18,76,72
12587276,82.41,10.83,24,95,93
12543846,83.58,11.14,21,93,92
12511234,90.51,7.79,28,96,89
12515322,92.15,5.56,23,83,75
12555035,91.77,7.2,23,100,95
12519516,83.71,10.29,26,100,100
12559175,78.54,8.03,22,96,92
12546431,88.29,6.51,20,96,90
12539561,88.4,6.42,30,96,88
12588341,77.32,9.83,26,95,92
12554355,89.73,5.23,18,79,72
12522221,87.63,9.65,23,92,88
12550603,86.69,8.61,20,87,83
12555997,76.86,7.93,29,99,93
12574581,77.32,10.33,19,93,92
12570898,92.21,8.91,19,85,81
12558507,88.92,4.43,20,70,61
12577573,75.0,5.36,15,86,81
12571009,90.08,7.84,27,100,96
12540169,76.74,4.59,27,96,87
12563668,89.63,12.1,15,91,91
12558191,78.86,9.52,18,89,87
12561514,86.57,5.68,29,89,80
12538483,79.99,11.08,23,94,93
12595660,99.98,6.14,15,78,71
12531825,87.04,6.11,21,90,83
12568292,83.18,10.91,27,99,96
12537643,92.61,7.24,21,83,77
12546830,91.84,11.08,16,88,87
12599999,78.74,9.49,22,90,87
12592845,83.58,9.83,28,98,94
12517266,93.42,8.15,20,85,80
12528901,89.43,14.16,28,100,100
12531378,76.69,4.86,25,89,81
12559868,84.32,6.62,27,91,84
12543749,85.32,7.39,24,96,90
12567129,91.11,12.81,16,95,95
12536057,92.52,11.84,25,100,100
12530951,92.54,7.13,15,85,80
12567700,75.0,7.57,16,85,82
12546686,82.01,13.81,30,100,100
12516888,80.46,8.13,21,87,83
12558337,89.74,7.14,17,83,78
12559398,79.31,3.99,21,74,65
12510124,85.19,4.17,23,87,78
12597599,86.3,3.96,26,85,75
12568223,92.02,3.48,22,95,85
12528620,89.22,5.71,27,94,85
12583712,85.99,10.11,20,92,89
12524047,76.34,4.99,25,87,79
12581883,89.25,10.42,16,94,92
12585443,92.25,8.06,25,90,84
12521092,79.62,6.14,15,82,77
12512452,93.32,4.73,29,96,86
12537670,76.63,10.1,25,96,94
12556657,100.0,6.78,30,100,93
12561496,97.53,3.03,29,97,84
12526691,85.51,9.25,15,81,79
12566912,91.0,9.95,28,99,94
12538309,81.21,12.01,30,100,100
12540203,77.71,9.06,26,95,91
12523400,87.33,6.42,28,92,84
12592206,75.8,6.98,29,87,80
12589947,87.9,4.59,25,90,81
12564775,82.46,8.16,17,75,72
12529141,89.21,10.21,21,100,100
12540305,90.96,11.09,17,88,86
12518290,95.19,5.67,29,93,83
12523871,80.36,5.73,26,91,83
12558091,75.0,7.22,28,88,83
12577859,81.92,9.82,22,100,98
12538958,91.03,6.4,17,85,79
12515355,88.8,6.69,24,88,81
12547184,78.28,13.27,28,95,95
12587889,76.22,5.59,27,100,93
12578480,95.84,5.13,23,88,79
12518354,79.49,6.0,29,93,85
12524338,81.49,9.25,28,100,99
12581206,94.83,6.39,19,88,81
12598769,80.12,5.97,29,91,83
12595019,85.13,11.23,18,92,91
12589571,78.53,7.53,16,85,82
12574959,83.95,2.0,19,77,67
12591392,90.76,6.82,27,96,89
12549662,100.0,2.12,29,93,79
12512439,77.31,10.75,15,87,87
12591397,90.57,6.2,17,79,73
12576852,85.56,8.28,29,98,92
12548930,80.12,11.03,15,86,86
12572547,76.91,9.13,25,100,100
12536159,86.71,14.56,26,100,100
12521325,75.75,5.78,29,86,79
12529372,80.96,9.91,29,100,97
12546479,76.01,10.05,21,86,85
12550305,82.73,7.68,26,93,87
12588871,86.92,5.82,27,96,88
12530312,95.3,9.12,18,85,81
12553822,81.91,7.14,26,88,82
12554612,81.68,5.22,27,84,76
12542718,94.32,8.82,29,97,91
12533037,82.69,14.6,19,100,100
12577279,92.49,3.84,30,100,90
12516677,84.47,7.27,27,100,94
12561363,89.28,15.0,27,100,100
12586945,86.65,5.68,30,92,83
12567238,80.96,6.08,28,97,89
12592802,84.15,11.23,23,91,90
12589070,83.89,5.84,26,85,78
12527112,76.04,5.14,24,83,76
12584639,81.31,8.75,22,88,84
12555760,90.83,10.13,18,93,91
12552188,94.5,7.69,21,89,83
12548178,88.61,6.4,22,86,79
12568776,82.84,12.6,28,100,100
12576212,84.64,7.51,20,88,83
12572012,79.16,8.6,17,74,72
12591319,83.17,10.24,18,91,89
12558916,75.0,4.82,25,85,77
12588496,100.0,5.66,17,88,80
12571526,95.49,2.0,27,88,76
12534619,75.17,12.01,20,85,86
12516024,91.25,8.13,25,84,78
12570452,75.0,11.18,19,86,86
12550983,87.72,10.35,25,94,90
12563894,78.02,4.16,28,85,75
12531088,92.33,11.51,18,88,87
12589488,79.2,7.08,26,92,86
12575373,85.3,8.5,21,88,84
12537142,83.49,5.48,26,89,81
12589606,87.83,4.85,24,86,77
12575456,79.54,2.0,28,80,68
12575235,75.0,7.73,26,90,85
12591767,94.71,7.05,22,89,82
12566035,84.6,12.1,20,92,92
12522162,75.0,9.5,18,93,92
12523806,88.69,10.39,27,100,96
12566911,80.87,11.91,28,100,100
12547079,84.27,9.06,25,92,87
12593066,77.93,8.24,20,92,88
12587316,85.8,2.0,20,85,75
12573649,89.84,12.86,24,96,95
12516139,93.7,7.63,25,84,78
12568888,82.23,11.83,22,91,91
12539621,88.02,4.46,24,92,83
12595709,98.09,10.42,19,96,93
12512628,93.03,5.19,19,77,69
12584040,89.27,2.92,16,81,72
12596495,77.72,5.84,21,87,81
12591400,88.45,12.12,16,93,93
12575098,94.56,5.39,16,76,68
12572479,79.15,4.07,27,86,77
12559859,77.73,13.69,16,97,100
12520343,94.27,5.89,23,90,82
12537510,91.01,7.09,30,100,92
12583215,85.25,8.27,30,96,90
12523339,79.24,8.51,21,90,87
12555000,85.52,11.03,19,99,98
12515977,83.08,6.47,15,85,80
12546814,79.83,9.75,23,97,95
12559767,96.97,5.63,18,75,67
12524365,82.83,11.7,21,90,90
12563544,75.29,9.63,27,87,84
12521841,90.15,15.0,29,100,100
12543430,81.23,9.81,30,100,100
12576460,86.74,8.88,17,93,90
12577940,92.06,8.15,15,84,80
12515886,99.9,5.87,19,77,69
12566712,91.35,7.25,28,100,93
12551039,89.32,9.91,15,90,88
12521268,84.68,11.9,21,100,99
12531833,81.56,7.22,26,92,86
12540452,86.67,2.0,22,80,69
12571560,77.51,9.79,15,71,71
12568914,84.39,3.16,24,86,76
12554220,82.99,3.09,16,79,70
12522582,85.27,6.26,29,94,86
12539027,87.8,6.74,23,92,85
12586081,77.27,8.42,15,69,67
12516088,75.0,7.66,29,96,91
12580929,76.25,5.2,15,64,59
12537731,100.0,10.77,28,99,94
12587253,83.74,7.25,29,97,90
12585462,95.24,7.85,26,95,88
12557622,76.64,6.67,24,91,85
12521693,84.64,4.57,19,92,84
12521446,96.98,10.28,18,97,94
12537372,75.0,9.02,15,86,84
12585500,91.41,12.53,26,100,100
12533849,76.89,7.99,22,95,91
12548196,79.21,8.41,16,92,89
12531669,84.42,7.87,16,81,78
12560005,75.64,8.56,18,80,78
12525275,92.97,4.81,19,81,73
12565612,92.48,15.0,27,100,100
12569659,77.56,10.2,28,100,100
12539187,86.6,11.18,16,87,86
12519985,85.54,9.58,19,90,87
12529658,89.94,6.66,26,90,83
12540401,75.0,6.39,22,86,81
12516361,86.47,7.11,19,85,80
12510668,92.47,9.14,25,96,90
12562544,81.89,5.7,22,87,80
12587066,87.41,12.37,18,94,94
12597081,82.14,8.15,21,93,88
12517178,86.91,7.45,23,92,86
12554585,92.43,7.31,20,100,94
12593791,80.96,10.48,28,95,92
12568485,88.42,10.05,16,93,91
12512390,88.77,4.67,20,90,81
12597950,81.85,7.54,24,93,88
12589859,91.21,5.99,24,99,91
12527960,81.52,7.29,21,82,77
12579921,75.65,10.08,21,91,90
12553379,90.19,11.38,29,97,93
12562793,81.07,9.19,21,95,92
12551259,75.0,6.22,27,89,82
12550229,81.8,8.13,19,83,79
12533162,75.0,9.3,22,90,88
12527660,75.47,9.03,16,77,75
12584283,84.92,9.84,29,100,100
12599648,85.19,10.15,24,100,98
12544648,83.4,5.41,29,84,75
12556625,81.97,7.34,20,88,83
12538225,90.04,7.91,19,87,82
12549943,83.59,10.9,26,92,89
12537227,75.0,6.02,17,91,86
12554628,77.0,11.67,30,100,99
12594210,76.8,2.06,29,82,71
12529303,78.48,9.55,20,83,80
12567232,75.0,8.22,29,87,82
12526223,83.02,8.91,17,80,78
12556791,76.57,7.49,28,98,92
12533559,86.66,8.56,28,95,89
12531606,91.63,6.59,25,93,86
12522646,86.76,7.09,29,92,85
12520163,87.59,11.14,19,92,91
12552518,89.67,11.55,17,95,95
12572694,87.16,12.43,25,98,96
12574812,83.55,9.02,22,87,83
12571729,91.2,8.2,15,90,86
12517604,85.59,7.79,17,87,83
12520964,95.97,7.42,22,91,85
12548929,75.82,2.0,15,77,69
12520747,81.56,9.42,19,84,81
12560634,89.19,8.29,16,77,73
12510100,98.09,8.82,25,94,88
12553854,89.21,15.0,27,100,100
12525492,84.6,7.82,21,84,80
12566486,83.0,3.93,18,81,73
12588569,75.0,6.76,22,87,82
12575630,77.11,12.1,29,100,100
12512240,96.65,4.06,27,100,91
12577613,85.68,7.39,19,85,80
12568171,75.93,4.35,25,89,81
12596875,84.88,9.68,17,86,83
12523509,85.78,6.78,15,82,77
12555348,85.46,7.91,25,95,90
12568348,96.25,5.53,18,86,78
12532161,87.03,12.37,24,100,99
12523318,81.72,7.38,18,88,83
12553946,86.88,8.71,23,89,85
12521768,91.79,6.24,18,78,72
12515077,92.97,4.54,28,90,79
12512654,87.87,11.32,21,90,88
12596824,82.58,5.79,19,85,79
12547727,75.0,2.12,27,83,73
12544480,75.3,6.11,16,79,74
12596992,86.65,2.0,15,75,66
12560505,83.61,3.54,16,73,65
12510690,79.87,6.95,19,87,82
12561270,75.0,9.07,22,97,94
12567074,80.46,7.54,27,100,95
12515243,75.0,6.84,29,94,88
12593742,75.37,8.56,30,100,100
12527850,87.02,8.13,22,82,78
12565455,84.59,6.74,27,92,85
12582813,94.51,7.95,16,90,85
12510732,88.52,5.52,24,90,81
12570573,76.95,5.49,25,88,81
12582873,94.49,8.76,19,91,86
12580260,96.86,9.47,26,100,100
12517532,94.66,8.16,18,87,82
12538402,84.6,4.48,30,100,97
12537762,80.26,9.05,23,83,79
12569273,83.14,10.04,16,87,86
12599328,89.5,4.27,20,92,83
12564230,92.21,7.16,19,81,76
12533852,88.72,8.03,16,87,83
12589066,88.76,6.63,26,93,85
12517491,91.96,5.61,16,81,75
12583786,84.03,12.52,16,97,98
12554672,90.27,11.04,25,95,92
12532478,82.53,8.72,24,99,95
12541926,78.45,11.74,23,93,93
12598251,88.99,10.81,28,99,95
12547806,81.52,8.75,23,96,92
12553639,84.72,2.87,24,90,79
12573369,84.49,13.25,24,97,97
12536267,82.81,6.16,21,84,78
12575518,89.78,10.6,20,86,84
12586097,83.47,9.7,15,86,85
12587266,86.3,5.59,18,79,73
12569848,83.17,3.42,19,83,75
12598999,77.74,7.2,23,86,81
12591957,75.0,10.51,23,88,87
12553198,90.51,2.95,15,75,66
12588281,78.14,7.46,22,94,90
12574718,91.55,8.06,21,95,90
12533212,88.86,11.73,18,97,96
12566414,97.04,4.23,22,84,74
12572948,79.11,4.89,27,85,76
12529760,90.21,8.96,29,98,93
12565579,94.31,9.6,19,89,85
12516665,75.0,9.1,25,92,89
12594261,81.78,3.76,22,74,65
12586926,98.2,6.16,23,98,89
12557101,95.74,2.53,28,88,76
12575519,96.97,8.49,25,90,83
12585244,100.0,6.71,26,94,86
12571497,82.18,7.7,24,93,88
12587766,95.13,9.02,20,93,88
12529355,84.43,5.89,22,88,81
12527375,75.0,6.58,23,89,84
12529251,85.77,9.58,15,85,83
12537226,84.45,5.57,24,89,82
12597799,75.0,8.74,25,85,81
12571270,75.54,4.47,16,82,76
12546964,75.86,11.4,24,100,100
12529659,75.0,10.65,29,94,91
12553001,75.0,8.96,21,92,89
12580820,84.22,9.06,28,89,84
12566562,99.97,5.26,18,83,74
12546352,80.2,3.3,24,81,72
12552319,75.0,8.16,27,91,87
12540882,84.8,5.36,15,83,77
12513291,93.0,3.27,16,84,75
12544114,86.56,8.88,28,99,94
12585503,75.5,6.71,22,86,81
12525226,100.0,9.62,30,100,100
12546400,84.22,6.38,23,81,74
12570282,85.74,6.05,22,89,82
12582345,86.14,5.18,27,88,79
12572725,82.99,9.85,26,87,84
12558243,83.12,9.6,15,90,88
12573704,92.42,12.42,29,100,100
12569832,89.66,4.39,24,87,78
12589263,89.61,6.51,29,100,92
12518683,83.47,8.16,26,89,83
12566959,81.03,13.22,21,88,89
12575921,82.02,9.56,29,96,91
12529352,75.31,2.97,28,82,72
12591815,85.88,10.33,16,93,91
12590314,87.17,7.82,17,72,68
12521321,86.58,8.88,29,88,82
12530121,85.56,7.27,24,88,82
12592151,88.31,6.83,19,85,80
12520565,80.3,6.28,22,86,80
12594358,75.0,9.64,29,88,84
12540934,85.98,8.03,20,92,87
12558785,75.0,3.22,30,84,74
12525071,88.8,8.16,19,96,91
12555459,78.67,5.47,16,82,76
12534605,83.22,15.0,28,100,100
12597621,77.1,5.08,27,87,79
12533271,75.12,10.31,16,88,87
12558298,89.8,5.28,25,92,83
12532047,83.82,3.79,28,88,78
12553074,85.87,6.11,19,85,78
12582029,89.94,7.61,17,89,84
12566920,83.86,6.2,25,93,86
12543310,88.83,9.07,30,100,99
12586348,85.9,8.2,21,86,81
12551547,83.41,5.5,19,78,71
12557253,75.0,9.17,19,89,86
12519771,92.88,11.96,24,100,98
12533499,87.35,3.38,25,81,70
12576588,84.18,11.98,25,94,92
12535836,89.7,8.83,28,93,87
12525448,81.09,7.51,23,93,87
12528854,86.95,2.0,23,75,63
12592906,77.29,4.51,29,99,90
12564710,80.39,10.98,30,100,100
12569366,83.46,10.1,22,80,77
12529196,77.4,4.16,25,83,74
12551161,79.9,10.59,30,99,96
12585619,94.48,9.53,30,100,97
12596515,84.01,7.54,25,99,93
12573170,89.41,15.0,20,98,100
12597863,95.75,7.72,28,90,83
12513054,82.45,3.42,30,100,91
12567091,89.27,8.12,16,90,86
12533491,85.96,12.4,15,92,93
12577724,77.37,6.64,17,91,87
12541502,79.83,7.38,24,84,78
12543454,85.25,3.76,27,100,92
12587749,91.93,14.18,26,100,100
12561958,94.17,8.31,26,100,95
12550060,85.17,3.27,25,78,67
12576940,96.08,5.82,30,100,94
12540769,87.77,13.56,30,100,100
12585420,87.16,11.43,30,96,93
12599431,87.43,9.44,24,92,88
12561841,88.25,3.68,30,84,73
12590314,94.53,7.67,25,96,89
12591767,85.1,9.76,17,84,82
12566661,90.82,7.05,25,88,81
12517832,88.7,6.66,19,87,81
12548620,93.99,10.76,30,100,100
12554359,81.85,15.0,23,100,100
12553419,77.69,8.63,29,95,90
12595418,90.18,6.57,19,85,79
12523359,87.14,7.17,20,92,87
12536742,75.0,10.56,16,96,95
12591836,81.12,8.75,29,94,89
12549016,95.67,14.25,24,100,100
12597055,82.31,10.94,26,100,100
12525505,83.98,13.09,22,96,96
12516390,84.97,6.37,30,97,88
12545452,89.72,10.18,21,100,100
12556461,75.0,7.09,17,76,72
12596748,92.21,9.49,15,91,88
12522715,84.19,8.97,29,98,93
12571282,75.0,7.18,21,84,80
12525108,84.96,9.98,25,88,85
12565919,76.87,13.51,27,96,96
12597071,79.36,9.14,28,100,96
12528374,75.0,2.0,16,77,68
12538418,84.69,10.56,19,92,90
12539671,76.55,7.75,28,96,90
12518974,88.97,11.51,28,98,95
12525576,75.0,6.84,23,85,80
12581717,75.0,9.46,17,91,89
12527484,81.09,6.67,17,80,75
12569658,75.0,8.69,28,90,86
12572791,89.44,8.53,24,95,90
12511297,83.37,12.08,18,94,95
12565394,81.69,11.49,27,98,96
12561249,78.23,7.68,16,79,76
12589336,80.07,11.06,19,83,82
12579882,86.98,9.34,27,98,93
12519464,75.0,6.09,17,82,77
12564775,78.0,6.16,29,84,76
12557089,82.52,11.13,24,100,100
12521167,89.22,11.28,29,100,100
12536922,84.97,8.5,27,97,92
12530538,82.7,9.68,25,93,89
12596486,75.0,9.66,15,85,84
12541225,94.28,2.35,17,82,71
12530023,90.52,6.86,19,85,79
12531970,86.84,4.09,27,89,79
12550378,90.48,8.75,16,80,77
12536509,82.3,9.62,30,100,97
12524039,76.82,11.81,21,90,90
12582756,95.62,6.32,19,96,89
12590284,80.88,4.79,27,90,81
12585624,80.3,8.31,29,94,89
12522908,82.6,10.13,23,91,88
12595400,83.26,7.05,26,96,89
12577497,80.82,7.03,17,83,79
12565269,82.64,13.26,24,100,100
12525893,88.7,10.03,15,92,90
12549392,99.13,10.94,16,85,83
12517579,92.47,7.52,20,82,76
12527383,87.68,7.25,25,94,87
12527719,88.4,11.01,21,99,97
12596309,75.33,10.82,26,97,95
12513440,86.4,7.31,15,86,82
12540570,85.82,10.08,30,100,97
12598263,92.52,6.55,15,81,75
12595717,91.23,9.24,27,100,99
12561882,82.49,6.43,24,90,83
12587397,75.0,13.77,16,92,95
12512741,81.14,8.33,22,94,90
12551530,91.66,8.79,22,95,90
12571030,80.71,7.13,16,84,80
12518002,93.37,7.33,22,90,83
12572423,92.24,7.91,19,83,78
12584608,92.83,6.65,18,72,66
12550990,78.79,8.68,25,97,93
12586526,90.33,3.07,25,81,70
12583142,78.92,4.92,19,80,73
12597944,94.98,5.68,26,91,82
12559411,79.64,10.83,16,86,86
12520545,86.65,6.36,15,77,71
12549096,81.92,10.27,28,100,98
12532957,88.6,2.78,15,75,66
12592172,100.0,6.1,21,94,86
12511447,97.0,4.57,15,76,67
12599002,75.0,3.23,21,79,71
12535728,100.0,5.96,18,92,84
12571608,80.73,13.23,26,94,94
12510789,78.67,7.16,18,82,77
12545752,87.84,8.47,19,89,85
12572561,79.83,10.34,17,96,94
12553392,88.03,12.84,19,97,97
12516782,99.79,12.79,21,86,84
12561834,82.68,3.9,25,83,74
12520277,77.11,6.53,26,90,83
12576299,94.14,8.73,25,97,91
12528832,94.26,6.27,15,80,74
12517682,85.4,8.12,28,100,98
12581788,85.55,8.23,30,100,94
12521196,77.63,7.65,21,78,74
12559129,75.0,9.52,17,89,88
12514326,86.72,9.22,15,93,91
12537793,75.0,10.59,30,100,100
12582898,85.31,6.02,24,89,82
12588138,86.3,4.94,22,74,66
12593540,99.32,10.01,23,100,98
12532936,88.25,8.5,15,85,81
12517564,80.8,12.34,17,88,89
12538900,85.94,6.73,27,91,83
12520606,92.9,10.36,22,95,92
12543534,95.47,7.73,23,90,83
12530837,76.21,10.54,18,89,89
12587269,84.52,5.12,22,80,73
12561272,99.32,7.35,28,99,90
12593761,82.92,10.7,20,94,93
12589124,85.62,2.62,22,83,73
12550666,81.11,4.27,24,75,66
12594059,75.93,6.66,30,97,90
12538838,88.4,2.0,24,84,73
12522569,94.69,8.19,21,97,91
12539309,83.89,9.71,28,100,96
12522024,79.32,10.09,17,86,84
12553567,75.0,8.2,27,100,98
12511627,81.05,9.04,19,85,82
12525554,87.49,5.81,20,89,82
12558211,86.91,7.96,27,100,94
12553913,93.12,11.64,19,95,93
12565501,86.49,5.58,18,79,73
12590932,75.0,6.35,20,91,86
12557547,77.52,15.0,19,94,97
12577558,76.08,4.32,18,86,79
12539359,92.03,7.6,22,88,82
12510626,87.95,8.41,19,84,80
12567561,75.0,5.29,21,70,64
12569301,75.0,6.73,21,93,88
12536355,89.11,5.92,15,81,75
12569353,95.92,15.0,18,100,100
12540193,77.56,8.06,16,87,84
12542605,95.41,7.4,24,90,83
12552704,88.64,9.52,23,93,89
12571550,87.92,2.0,17,76,66
12554951,96.38,9.36,27,100,98
12579881,82.44,11.55,19,89,89
12543407,86.65,10.13,27,100,96
12517639,91.82,7.73,28,100,96
12595589,83.33,12.66,22,98,98
12556056,75.43,10.9,15,89,90
12516510,87.91,12.36,17,93,93
12583995,95.1,5.82,25,89,81
12593592,100.0,7.68,27,95,87
12574232,93.13,4.03,16,72,63
12535984,92.78,8.63,21,86,81
12572997,76.12,4.95,23,91,83
12559902,90.9,12.64,20,98,97
12519399,89.04,6.18,26,93,85
12530473,79.8,2.56,24,88,77
12540844,82.51,9.12,21,94,90
12524846,75.0,9.64,19,92,91
12564705,85.71,5.67,21,84,77
12532887,77.7,9.69,23,100,98
12572631,80.3,8.83,22,94,90
12592288,83.74,8.24,18,85,81
12549887,79.23,6.15,30,95,87
12511953,83.11,9.7,30,100,95
12519879,85.4,11.0,24,89,86
12596081,94.42,10.74,29,92,87
12590190,86.99,8.47,23,97,92
12554082,76.76,12.6,20,89,90
12599175,85.58,7.81,18,82,78
12527790,87.05,6.89,22,91,85
12592116,85.3,9.99,18,83,81
12573050,91.04,7.17,15,86,81
12551079,85.45,7.78,27,94,88
12542489,89.91,9.14,28,95,89
12576391,91.68,9.35,26,100,95
12576719,83.57,4.83,18,80,73
12592165,91.64,7.49,24,97,91
12551880,78.36,6.69,16,77,73
12587536,90.74,14.91,19,100,100
12521718,80.8,7.4,28,85,79
12554569,87.96,11.7,22,94,93
12514007,85.63,8.6,27,91,86
12523443,75.0,9.22,27,100,97
12557051,81.35,6.54,30,94,87
12599841,75.0,8.44,22,92,89
12554214,98.69,8.52,30,100,96
12513814,89.41,3.68,24,93,83
12541182,81.95,7.6,21,94,90
12598321,96.91,9.13,21,90,85
12553721,87.74,8.23,29,100,95
12580863,83.34,12.7,15,88,90
12568818,90.86,10.28,24,98,94
12566537,77.78,7.76,25,89,84
12591570,85.11,8.88,30,90,85
12564087,100.0,9.88,21,85,81
12560494,87.11,11.35,23,100,100
12599451,91.84,7.68,24,91,84
12541569,78.67,2.23,21,75,65
12574498,84.47,9.02,26,87,82
12534329,82.04,6.11,15,72,67
12527528,94.69,2.0,19,81,69
12567087,75.0,8.86,27,100,100
12572949,75.28,4.13,29,77,67
12579230,94.85,5.52,15,88,81
12513646,87.79,5.42,17,87,81
12512938,78.8,3.43,20,76,68
12555631,83.64,9.14,16,87,84
12590485,89.85,11.75,29,100,100
12563223,75.56,7.5,25,93,88
12579679,87.71,5.76,20,91,84
12537350,100.0,9.05,25,100,99
12557786,86.89,3.01,27,89,78
12564286,97.2,2.0,22,92,80
12554077,89.08,7.4,15,87,83
12525609,81.07,8.5,15,79,77
12590091,86.88,4.65,21,75,67
12542486,75.18,6.24,16,70,65
12541893,75.0,9.27,27,100,98
12589871,84.62,5.72,18,83,77
12589557,88.17,10.63,20,99,97
12514241,75.0,6.55,15,80,76
12566953,75.0,11.37,22,98,97
12562702,89.5,10.02,15,90,88
12592957,82.2,3.04,18,75,66
12532681,97.79,6.56,23,91,84
12552029,87.91,6.67,23,87,80
12545653,75.0,7.29,25,87,82
12549095,75.0,11.93,30,100,100
12529623,85.38,10.67,27,92,88
12575073,94.72,4.71,28,98,88
12511667,89.02,5.9,21,86,79
12574420,95.75,9.44,15,91,88
12529530,87.27,6.52,22,92,85
12598370,81.55,4.77,26,91,83
12520968,84.56,5.75,20,88,81
12518937,78.09,5.47,15,79,74
12578919,79.14,10.48,20,94,93
12531184,83.6,9.51,16,89,87
12581110,83.95,7.37,24,86,80
12598157,82.86,3.61,15,75,67
12585855,84.97,9.85,28,94,90
12534682,91.95,10.98,18,87,85
12594879,79.31,5.8,22,80,74
12561874,85.32,9.9,29,95,91
12550714,82.94,5.45,18,86,79
12550143,91.55,2.0,30,94,81
12532273,75.58,5.2,19,77,70
12541767,78.82,15.0,23,100,100
12567792,79.69,8.32,22,85,81
12529657,85.62,8.38,21,84,80
12555942,82.85,8.58,28,100,94
12593001,78.87,9.49,21,86,84
12566072,89.16,5.86,26,93,85
12577052,79.46,7.77,28,90,84
12590380,78.92,9.33,15,80,79
12599003,78.04,9.2,18,89,87
12517129,85.85,5.2,20,83,76
12534861,100.0,9.49,28,98,92
12585711,92.64,5.71,26,95,86
12588760,85.96,2.0,25,87,75
12595947,82.32,10.18,20,90,88
12559490,87.41,6.09,24,85,78
12592728,90.79,4.17,23,88,79
12566669,87.02,10.02,25,83,80
12562457,79.5,8.36,27,96,91
12589963,84.2,5.21,29,96,87
12549353,79.67,10.01,27,94,91
12551287,75.47,6.62,18,88,84
12560292,86.62,8.16,23,99,94
12516597,95.48,5.89,30,97,88
12540576,89.2,9.33,19,88,85
12512389,96.43,7.87,25,98,91
12561065,87.59,12.17,29,100,100
12531292,79.2,9.52,29,91,87
12580648,88.65,3.24,18,94,84
12530814,88.44,9.14,24,92,87
12543350,77.44,4.16,18,80,73
12599165,75.0,4.58,29,94,85
12594870,76.99,4.46,19,79,72
12525130,80.24,6.91,27,100,95
12596553,81.73,8.38,16,74,71
12577433,93.6,9.03,29,100,96
12551160,82.88,6.54,28,90,83
12510668,82.61,10.75,25,99,96
12553210,90.95,7.55,26,92,86
12582113,84.21,7.87,20,93,89
12558515,78.01,5.66,19,88,82
12518164,77.93,9.9,19,84,82
12529863,90.04,10.55,23,93,90
12554127,80.6,7.13,17,87,83
12581429,94.45,11.96,23,98,96
12592378,86.04,5.34,22,92,84
12539517,81.92,2.64,17,74,65
12516005,78.96,9.33,19,91,89
12581865,96.81,5.57,30,96,85
12531588,84.63,9.6,15,75,73
12545089,81.49,8.79,25,90,86
12542286,84.81,12.59,19,100,100
12589210,76.88,6.32,16,82,77
12542387,95.53,2.57,27,83,71
12559558,81.79,6.24,25,90,83
12527724,79.97,9.91,19,95,93
12572742,82.0,8.69,19,90,86
12590628,75.0,9.11,17,84,82
12562820,93.2,11.89,24,100,100
12514741,84.35,5.98,21,78,72
12552412,87.25,8.84,15,77,75
12575147,81.02,8.91,27,96,92
12583676,84.2,10.51,22,89,87
12567070,92.26,5.9,18,83,77
12595253,89.95,7.24,16,85,80
12555754,86.85,8.27,17,88,85
12566143,75.4,6.21,27,88,81
12562406,88.55,10.76,29,100,100
12587917,81.61,7.31,19,88,83
12545439,76.66,4.13,19,88,81
12532632,88.49,7.73,27,100,94
12518331,82.76,5.05,25,83,75
12586929,87.41,9.97,16,91,89
12529724,88.05,5.3,26,95,86
12579570,83.52,11.17,20,94,93
12554300,83.93,6.26,26,97,90
12580387,86.12,2.26,24,91,80
12511068,87.28,7.49,19,87,82
12594904,75.0,15.0,21,100,100
12546795,75.16,8.48,23,87,84
12526019,88.99,5.43,29,88,79
12560517,91.42,7.62,22,90,84
12555331,93.58,10.14,23,92,88
12583575,75.0,2.75,22,76,66
12543965,97.67,9.86,18,91,87
12513609,91.1,6.79,18,85,79
12584950,86.53,6.79,30,92,84
12574525,84.8,12.86,23,92,92
12545848,86.44,5.64,23,83,76
12580766,89.12,9.17,23,94,90
12546181,79.63,8.45,30,92,86
12510838,88.85,9.28,29,94,89
12554789,84.36,9.01,17,90,87
12534919,91.14,7.11,29,99,92
12515261,87.1,10.89,23,91,89
12589191,83.82,6.05,18,72,67
12510593,91.46,7.52,19,100,94
12597665,93.33,9.62,16,95,92
12598428,75.0,4.27,27,86,77
12510697,87.95,7.5,23,93,87
12566709,77.93,2.0,20,75,66
12520488,78.92,13.22,29,100,100
12595643,80.15,9.91,17,89,87
12524722,87.13,10.21,17,91,89
12558052,86.08,8.41,30,97,91
12598447,84.53,5.62,19,86,79
12543291,88.7,10.24,25,96,92
12568471,85.27,8.82,25,100,95
12559766,96.0,11.8,20,97,95
12571505,97.23,13.85,25,100,100
12515281,80.36,6.28,26,89,82
12531592,75.4,11.2,27,95,93
12589195,95.88,6.59,25,85,77
12528053,86.96,11.25,18,93,92
12580317,86.13,5.28,19,87,80
12518704,87.78,9.62,20,92,89
12548326,83.38,8.56,29,98,92
12588250,84.8,7.59,24,95,89
12599015,87.53,4.45,29,92,82
12590306,96.34,7.88,17,96,91
12548358,75.82,8.9,30,99,94
12526860,90.08,10.15,30,98,93
12538963,82.76,5.58,20,81,74
12525993,92.6,10.16,25,95,90
12537036,76.91,8.61,22,98,94
12531571,88.93,7.1,15,90,85
12598088,75.0,6.06,29,90,82
12529797,93.32,7.78,25,93,87
12542124,85.7,11.59,23,100,100
12597931,78.51,7.82,28,97,91
12514176,89.6,11.99,18,100,100
12554760,75.98,6.07,19,83,78
12549012,83.5,4.66,22,83,75
12529094,75.0,9.84,27,99,95
12592912,95.12,5.2,23,89,80
12545081,93.8,13.36,20,95,95
12573008,88.92,9.69,30,90,85
12517573,89.13,10.23,23,100,98
12579807,91.93,7.42,27,100,100
12517702,75.0,4.37,27,85,77
12521091,78.71,7.02,24,89,84
12594887,84.03,6.77,27,98,91
12568972,88.17,8.69,15,85,82
12547505,82.79,6.93,26,93,87
12561374,93.19,3.67,24,85,74
12521996,94.85,7.46,28,100,93
12519308,91.6,7.94,17,96,91
12576764,81.39,8.46,25,92,87
12597402,77.53,10.69,22,96,95
12556886,85.15,7.3,26,100,94
12581894,76.93,4.08,30,89,79
12578037,77.01,14.27,27,99,100
12563619,90.6,6.52,29,95,87
12573858,75.0,2.0,27,82,71
12575429,82.36,5.99,23,88,81
12565744,90.71,8.05,30,91,84
12586162,75.0,11.39,29,99,97
12525072,75.0,8.46,20,89,86
12578924,80.99,6.86,28,100,94
12530833,84.78,14.24,19,94,95
12583664,80.3,6.06,17,75,70
12514201,75.0,8.48,28,97,92
12512596,93.36,11.31,19,95,93
12533247,85.25,10.14,21,95,92
12513931,77.79,9.78,16,87,86
12537296,84.66,10.54,21,100,100
12537805,83.32,12.78,17,92,94
12552858,88.48,10.08,24,95,92
12533287,75.0,12.05,19,90,91
12598518,81.64,5.58,28,84,75
12584339,79.67,6.63,23,84,78
12593097,85.8,5.66,16,77,71
12591385,82.53,6.49,29,90,82
12596934,75.0,10.71,23,95,93
12510314,81.91,8.03,22,83,78
12537382,91.06,11.98,28,100,97
12576581,80.26,8.86,22,97,94
12561271,84.87,9.16,18,86,83
12523998,84.05,6.37,19,81,76
12515811,82.19,7.22,21,84,79
12567155,86.24,8.35,29,98,92
12534942,84.26,7.3,24,94,88
12568493,86.78,12.56,23,100,100
12549820,77.29,12.23,30,100,100
12569541,87.83,6.38,22,82,76
12537690,79.01,10.78,17,92,91
12557661,93.78,7.3,18,91,86
12538240,75.0,5.46,30,86,78
12567342,86.18,5.37,23,81,73
12534757,100.0,7.46,17,93,87
12565068,76.87,12.11,30,100,100
12586640,90.11,8.88,19,92,88
12592198,86.77,6.45,24,97,90
12544868,91.46,8.2,23,100,97
12593237,80.96,5.29,21,85,78
12564346,82.88,5.55,21,87,80
12589964,84.34,10.85,24,100,100
12539614,78.94,3.12,26,93,83
12562279,84.39,8.67,21,89,85
12584547,85.82,5.72,16,83,77
12593026,90.55,2.79,21,90,79
12535334,95.01,11.54,29,100,100
12562108,82.59,5.59,20,87,81
12515564,87.56,11.16,26,99,96
12576318,84.56,5.54,25,89,81
12532574,93.43,13.78,15,88,89
12532178,79.77,10.71,19,84,83
12553060,89.49,6.63,18,94,88
12580186,77.63,7.88,29,92,86
12553836,82.98,10.45,28,100,98
12562677,81.27,8.9,26,95,90
12579364,94.94,9.47,18,96,92
12586034,87.57,4.6,22,84,76
12557817,81.66,2.0,30,87,75
12584865,80.32,11.18,22,89,88
